student_id,course_code
24001001,CSC101
24001002,CSC101
24001003,CSC101
24001004,CSC101
24001005,CSC101
24001006,CSC101
24001007,CSC101
24001008,CSC101
24001009,CSC101
24001010,CSC101
24001011,CSC101
24001012,CSC101
24001013,CSC101
24001014,CSC101
24001015,CSC101
24001016,CSC101
24001017,CSC101
24001018,CSC101
24001019,CSC101
24001020,CSC101
24001021,CSC201
24001022,CSC201
24001023,CSC201
24001024,CSC201
24001025,CSC201
24001026,CSC201
24001027,CSC201
24001028,CSC201
24001029,CSC201
24001030,MS101
24001031,MS101
24001032,MS102
24001033,MS103
24001034,MS104
24001035,MS105
24001036,MS106
24001037,MS107
24001038,MS108
24001039,MS109
24001040,MS110
24001041,CSC301
24001042,CSC301
24001043,CSC301
24001044,CSC301
24001045,CSC301
24001046,CSC301
24001047,CSC301
24001048,CSC301
24001049,CSC301
24001050,CSC301
24001051,CSC301
24001052,CSC301
24001053,CSC301
24001054,CSC301
24001055,CSC301
24001056,CSC301
24001057,CSC301
24001058,CSC301
24001059,CSC301
24001060,CSC301
24001061,ICT202
24001062,ICT202
24001063,ICT202
24001064,ICT202
24001065,ICT202
24001066,ICT202
24001067,ICT202
24001068,MS101
24001069,MS101
24001070,MS101
24001071,MS101
24001072,MS101
24001073,MS101
24001074,MS101
24001075,MS101
24001076,MS101
24001077,MS101
24001078,MS101
24001079,MS101
24001080,MS101
24001081,ICT401
24001082,ICT401
24001083,ICT401
24001084,ICT401
24001085,ICT401
24001086,ICT401
24001087,ICT401
24001088,ICT401
24001089,ICT401
24001090,ICT401
24001091,ICT401
24001092,MS101
24001093,MS101
24001094,MS101
24001095,MS101
24001096,MS101
24001097,MS101
24001098,MS101
24001099,MS101
24001100,MS105
