student_id,name,department,level
24001001,Ama Mensah,Test Department,100
24001002,Kojo Asare,Test Department,200
24001003,Efua Owusu,Test Department,300
24001004,Kwame Boateng,Test Department,400
24001005,Abena Osei,Test Department,100
24001006,Yaw Addo,Test Department,200
24001007,Akosua Frimpong,Test Department,300
24001008,Kofi Adjei,Test Department,400
24001009,Adwoa Darko,Test Department,100
24001010,Fiifi Quaye,Test Department,200
24001011,Afia Nkrumah,Test Department,300
24001012,Samuel Owusu,Test Department,400
24001013,Naana Arthur,Test Department,100
24001014,Emmanuel Ofori,Test Department,200
24001015,Akua Amponsah,Test Department,300
24001016,Daniel Asare,Test Department,400
24001017,Maame Yaa Kusi,Test Department,100
24001018,Richmond Boateng,Test Department,200
24001019,Esi Mensima,Test Department,300
24001020,Prince Agyemang,Test Department,400
24001021,Adjoa Sarpong,Test Department,100
24001022,Michael Tetteh,Test Department,200
24001023,Abigail Osei,Test Department,300
24001024,Joseph Addai,Test Department,400
24001025,Patience Amoah,Test Department,100
24001026,Isaac Mensah,Test Department,200
24001027,Elizabeth Armah,Test Department,300
24001028,Desmond Quaye,Test Department,400
24001029,Joana Asiedu,Test Department,100
24001030,Martin Koomson,Test Department,200
24001031,Grace Owusu,Test Department,300
24001032,Stephen Antwi,Test Department,400
24001033,Akosua Ofori,Test Department,100
24001034,George Mensah,Test Department,200
24001035,Mavis Danso,Test Department,300
24001036,Franklin Asante,Test Department,400
24001037,Victoria Nyarko,Test Department,100
24001038,Benjamin Osei,Test Department,200
24001039,Clara Badu,Test Department,300
24001040,Peter Aidoo,Test Department,400
24001041,Jennifer Addo,Test Department,100
24001042,Robert Kusi,Test Department,200
24001043,Esther Amoah,Test Department,300
24001044,Andrew Opoku,Test Department,400
24001045,Matilda Osei,Test Department,100
24001046,Charles Asamoah,Test Department,200
24001047,Janet Agyapong,Test Department,300
24001048,Eric Tetteh,Test Department,400
24001049,Bridget Arthur,Test Department,100
24001050,Lawrence Kwarteng,Test Department,200
24001051,Monica Adjei,Test Department,300
24001052,Francis Amoako,Test Department,400
24001053,Florence Yeboah,Test Department,100
24001054,Godwin Frimpong,Test Department,200
24001055,Lucy Asare,Test Department,300
24001056,Patrick Osei,Test Department,400
24001057,Rita Mensah,Test Department,100
24001058,Martin Agyapong,Test Department,200
24001059,Sandra Owusu,Test Department,300
24001060,Thomas Boateng,Test Department,400
24001061,Beatrice Kusi,Test Department,100
24001062,Jonathan Asante,Test Department,200
24001063,Priscilla Ofori,Test Department,300
24001064,Edward Mensah,Test Department,400
24001065,Comfort Addo,Test Department,100
24001066,Richard Armah,Test Department,200
24001067,Veronica Osei,Test Department,300
24001068,Anthony Badu,Test Department,400
24001069,Caroline Asiedu,Test Department,100
24001070,William Koomson,Test Department,200
24001071,Gloria Antwi,Test Department,300
24001072,Christopher Quaye,Test Department,400
24001073,Juliana Nyarko,Test Department,100
24001074,Mathew Ofori,Test Department,200
24001075,Paulina Danso,Test Department,300
24001076,Simon Asare,Test Department,400
24001077,Theodora Amoah,Test Department,100
24001078,Emmanuel Boadu,Test Department,200
24001079,Selina Arthur,Test Department,300
24001080,Daniel Kusi,Test Department,400
24001081,Rebecca Mensah,Test Department,100
24001082,Stephen Osei,Test Department,200
24001083,Angela Owusu,Test Department,300
24001084,Michael Addo,Test Department,400
24001085,Adelaide Frimpong,Test Department,100
24001086,David Asante,Test Department,200
24001087,Beatrice Ofori,Test Department,300
24001088,Emmanuel Darko,Test Department,400
24001089,Selina Mensah,Test Department,100
24001090,John Kwarteng,Test Department,200
24001091,Naomi Osei,Test Department,300
24001092,Frank Owusu,Test Department,400
24001093,Gladys Asare,Test Department,100
24001094,Emmanuel Tetteh,Test Department,200
24001095,Sheila Boateng,Test Department,300
24001096,Albert Osei,Test Department,400
24001097,Maureen Kusi,Test Department,100
24001098,Charles Mensah,Test Department,200
24001099,Victoria Owusu,Test Department,300
24001100,Samuel Addo,Test Department,400
